{
  "urls": [
    "audio.mp3",
    "audio.ogg",
    "audio.m4a",
    "audio.webm",
    "audio.opus"
  ],
  "sprite": {
    "Bomb0": [
      0,
      0.8436507936507937,
      false
    ],
    "Bomb1": [
      1.0936507936507938,
      0.8417460317460318,
      false
    ],
    "Bomb2": [
      2.1853968253968254,
      0.8457369614512472,
      false
    ],
    "Bomb3": [
      3.2811337868480726,
      0.8437414965986395,
      false
    ],
    "Bomb4": [
      4.374875283446712,
      0.8217913832199546,
      false
    ],
    "click": [
      5.446666666666666,
      0.6000226757369614,
      false
    ],
    "flag": [
      6.296689342403628,
      0.15793650793650793,
      false
    ],
    "Pop0": [
      6.704625850340136,
      0.20417233560090703,
      false
    ],
    "Pop1": [
      7.158798185941043,
      0.20521541950113378,
      false
    ],
    "Pop2": [
      7.614013605442177,
      0.20417233560090703,
      false
    ],
    "Pop3": [
      8.068185941043083,
      0.18634920634920635,
      false
    ],
    "Pop4": [
      8.50453514739229,
      0.20950113378684806,
      false
    ],
    "Pop5": [
      8.964036281179137,
      0.22859410430839003,
      false
    ],
    "Pop6": [
      9.442630385487528,
      0.1935374149659864,
      false
    ],
    "Pop7": [
      9.886167800453514,
      0.19317460317460317,
      false
    ],
    "Pop8": [
      10.329342403628116,
      0.2090702947845805,
      false
    ],
    "throw": [
      10.788412698412698,
      0.1439002267573696,
      false
    ],
    "unflag": [
      11.182312925170066,
      0.31458049886621314,
      false
    ],
    "win": [
      11.74689342403628,
      3.82984126984127,
      false
    ]
  }
}